exercise_name,preparation,execution,main_muscle,duration_seconds,body_area,stretch_type,safe_for_knee_injury,safe_for_back_injury,needs_equipment
Retraction​​​​​​​,Stand or sit.,Pull head back as far possible while looking slightly down and hold stretch.,Neck,20,full_body,static,yes,yes,yes
Neck Extensor,Bow head forward with jaw shut. Depress chin into top of sternum.,Slightly turn head to one side. Hold stretch. Repeat to other side.,Neck,20,full_body,static,yes,no,yes
Doorway,0,0,Shoulder,20,upper_body,static,yes,yes,no
Wall,0,0,Shoulder,20,upper_body,static,yes,yes,no
Side Deltoid,0,0,Shoulder,20,upper_body,static,yes,no,no
Rear Deltoid,0,0,Shoulder,20,upper_body,static,yes,no,yes
Overhead​​​​​​​,Put one arm overhead. Position forearm as close as possible to upper arm. Grasp elbow overhead with other hand.,Pull elbow back and toward head. Hold stretch. Repeat with opposite arm.,Upper Arms,20,upper_body,static,yes,yes,yes
Towel,Grasp near end of towel or rope. Position towel behind head so towel dangles down behind body. Reach behind back or waist with opposite hand and grasp opposite end of towel. Position upper arm close to back side of head.,Pull towel downward with lower arm. Hold stretch. Repeat with opposite arm.,Upper Arms,20,upper_body,static,yes,no,no
Doorway,Stand at end of wall or in doorway facing perpendicular to wall. Position front of straight arm and palm on surface of wall. Situate arm around same height of shoulder with elbow positioned away from wall.,Turn body away from positioned arm. Hold stretch. Repeat with opposite arm.,Upper Arms,20,upper_body,static,yes,yes,yes
Seated,Sit on floor or mat. Lean back and place hands flat on floor close together behind body with fingers positioned away from body.,Scoot hips forward away from hands. Hold stretch.,Upper Arms,20,upper_body,static,yes,yes,no
Standing,"Cross wrists, point thumbs downward, and clasp hands.","Cross wrists, point thumbs downward, and clasp hands.",Forearm,20,full_body,static,yes,yes,no
Seated​​​​​​​,"Sit on floor. Place palms on floor to sides, behind hips with fingers pointing to back.",Lean back with arms straight. Hold stretch.,Forearm,20,full_body,static,yes,yes,yes
Kneeling,Kneel on floor or mat. Place palms of hand on floor with fingers pointing toward knees.,Shift body back with elbows straight. Hold stretch.,Forearm,20,full_body,static,yes,yes,yes
Kneeling,Kneel on floor or mat. Flex wrists and place tops of hand on floor with fingers pointing toward knees.,Lean against floor with elbows straight. Hold stretch for 20 seconds.,Forearm,20,full_body,static,yes,yes,yes
Single Arm,"With palm facing downward, pull wrist and fingers downward toward forearm.",Extend or straighten elbow. Hold stretch. Repeat with opposite arm.,Forearm,20,full_body,static,yes,yes,yes
Fixed Bar,Stand facing stationary bar. Grasp stationary bar with one hand approximately waist height.,Bend over allowing hips to fall back. Slightly lean torso toward stretched arm. Hold stretch. Repeat with opposite side.,Back,25,back,static,yes,yes,yes
Lever,"Sit on seat in forward position with lower legs on shin pad, feet on foot rest. Place hands through wrist straps. Hold upper bar with arms crossed, overhand grip.",Push and lower seat back. Hold stretch. Repeat with opposite arm position.,Back,25,back,static,yes,yes,yes
Bar,Standing distance facing bar approximately lower chest height. Grasp bar with both hands. Lean body forward so bar is behind/under bar and arms are to sides of head. Feet are keep away from bar.,Allow upper body to hang downward while keeping arms to sides of head. Hold stretch.,Back,25,back,static,yes,no,yes
Lever,"Sit on seat in forward position with lower legs on shin pad, feet on foot rest. Place hands through wrist straps. Hold upper bar with underhand grip.",Push and lower seat back. Hold stretch.,Back,25,back,static,yes,yes,yes
Overhead,Put one arm overhead. Grasp elbow or wrist overhead with other hand.,"Pull elbow toward head and back or pull arm down toward opposite shoulder. Lean torso to side, away from direction of arm behind head. Hold stretch. Repeat with opposite arm.",Back,25,back,static,yes,yes,yes
Supine Lat,Lie supine on mat or floor. Position arms parallel to body pointing opposite direction of legs.,Pull arms toward floor and back sides of head. Hold stretch.,Back,25,back,static,yes,no,yes
Standing Side Reach,Stand with feet far apart. Place one arm on side of thigh. Put opposite arm overhead.,Lean and reach to side away from raised arm. Hold stretch. Repeat with opposite arm.,Back,25,back,static,yes,yes,yes
Upper Trapezius,Grasp wrist or hand from behind and pull arm to opposite side.,Tilt head away from lowered shoulder by positioning ear toward front of opposite shoulder. Hold stretch. Repeat to other side.,Back,25,back,static,yes,yes,yes
Fixed Bar,Stand facing very close to stationary bar. Grasp stationary bar with both hands just below chest height.,Lean back allowing body and hips to fall back and shoulders to be pulled forward. Hold stretch,Back,25,back,static,yes,yes,no
Hugging,Cross both arms and place both hands behind shoulders of opposite arms.,Bring elbows closer together in front of body. Raise elbows slightly and hold stretch.,Back,25,back,static,yes,yes,no
Broomstick,Grasp pole at one end and position overhead with other end of pole behind opposite arm. Grasp other end of pole with hand positioned below elbow. Position elbow of lower arm close to height of shoulder.,Pull upper end of pole forward so shoulder is internally rotated. Hold stretch. Repeat with opposite arm.,Back,25,back,static,yes,yes,yes
Side Lying,"Lie supine on mat or floor with knees bent approximately 90 degrees. Position hand under side of waist, palm down.",Allow legs and hips to fall to side of positioned arm. Hold stretch. Repeat on opposite side.,Back,25,back,static,yes,yes,yes
Side Lying Teres Minor,"Lie down on side on mat or floor. Position arm on floor with bent elbow positioned forward on mat and hand above elbow. With other hand, grasp back of wrist.","Keeping elbow bend at a right angle, push forearm downward toward floor. Hold stretch. Repeat on opposite side.",Back,25,back,static,yes,yes,yes
Broomstick,Grasp suspension handles and position bent elbows to each sides of waist.,"Pull handles apart from each side, while keeping fixed elbow position and body and legs straight throughout movement. Raise forward so handles are to each side of body. Return back until handles come back together in front of body. Repeat.",Back,25,back,static,yes,yes,yes
Doorway,Grasp suspension handles and position bent elbows to each sides of waist.,"Pull handles apart from each side, while keeping fixed elbow position and body and legs straight throughout movement. Raise forward so handles are to each side of body. Return back until handles come back together in front of body. Repeat.",Back,25,back,static,yes,no,yes
Behind Head,Place hands behind head.,Pull elbows back further behind ears. Hold stretch.,Chest,20,upper_body,static,yes,yes,yes
Doorway,Stand at end of wall or in doorway facing perpendicular to wall. Place inside of bent arm on surface of wall. Position bent elbow shoulder height.,Turn body away from positioned arm. Hold stretch. Repeat with opposite arm.,Chest,20,upper_body,static,yes,no,no
Straight Arm,"With arm extended, position hand on fixed structure shoulder height.",Turn body away from positioned arm. Hold stretch. Repeat with opposite arm.,Chest,20,upper_body,static,yes,no,yes
Lying,Lie on floor or mat. Bend knees with feet on floor. Cross lower leg over thigh of other leg. Grasp foot and knee with both hands.,Pull leg toward torso. Hold stretch. Repeat with opposite leg.,Hips,20,full_body,static,yes,no,yes
Lying:  Modified,Instruct participant to lie on floor or mat. Kneel beside participant. Bend participant's knee and hip and rotate leg cross wise. Position outside of participant's knee on nearest shoulder with participants lower leg extended under arm. Position near ankle on participant's opposite lower leg.,Extend or place hands on mat to each side of participant. Push participant's leg by leaning toward participant. Repeat with opposite leg.,Hips,20,full_body,dynamic,yes,no,no
Lying:  PNF,Sit on floor with hip and thigh against wall. Lift back of legs up against wall by pivoting on hips and lying on back. Cross lower leg over thigh of straight leg.,Bend knee of straight leg while lowering heel on wall. Hold stretch. Repeat with opposite leg.,Hips,20,full_body,static,yes,yes,yes
Lying Wall,Sit on chair or bench with ankles positioned below knees. Cross lower leg over thigh of opposite leg.,"Lean down, lowering torso toward thighs. Hold stretch. Repeat with opposite leg.",Hips,20,full_body,static,yes,yes,yes
Seated,Sit on chair or bench with ankles positioned below knees. Cross lower leg over thigh of opposite leg.,"Lean down, lowering torso toward thighs. Hold stretch. Repeat with opposite leg.",Hips,20,full_body,static,yes,yes,yes
Seated:  Chair,Sit on floor or mat reclining back with support of both arms behind body. Bend knees approximately 90 degrees with feet on floor. Cross lower leg (just above ankle) over thigh of opposite leg.,"Bring torso upright by walking hands closer to hips, keeping arms straight. Lean forward and hold stretch. Repeat with opposite leg.",Hips,20,full_body,static,yes,yes,no
"Seated:  Floor

PNF

","Instruct participant to sit on floor or mat, reclining back with support of both arms behind body, and feet on floor and knees bent. Have them cross their lower leg (just above ankle) over thigh of opposite leg. Position chest on participant's back and grasp participant's lower knee and upper ankle.",Push participant's torso toward legs. Hold stretch. Repeat with legs in opposite position,Hips,20,full_body,static,yes,no,yes
Squatting,"Stand toward fixed bar, approximately waist height. Grasp bar with both hands, arms extended. Bend knees and hips slightly. Cross lower leg over lower thigh of opposite leg.",Squat lower and lean forward toward crossed leg. Hold stretch . Repeat with opposite leg.,Hips,20,full_body,static,no,yes,yes
Lying Crossover,"On floor or mat, lie supine with arms extended to sides. Lift one leg straight up.",Lower leg to opposite side toward hand. Hold stretch. Repeat with opposite side.,Hips,20,full_body,static,yes,yes,yes
Lying Crossover:  PNF,Instruct participant to lie on floor or mat. Kneel beside participant. Bend participant's near knee and hip. Place hand on outside of participant's near knee and opposite hand on participant's shoulder.,Push participant's knee to opposite side while backing participant's shoulder down. Hold stretch. Repeat with opposite side.,Hips,20,full_body,static,yes,no,no
Seated Hip Internal Rotator,Sit on floor or mat and cross lower leg over thigh of straight leg.,Push knee toward floor. Hold stretch. Repeat with opposite side.,Hips,20,full_body,static,yes,yes,no
Seated Hip Internal Rotator:  Bent Leg Down,Sit on floor or mat and place extended leg on top of inside of bent lower leg positioned perpendicular.,Straighten extended knee pushing bent knee toward floor. Hold stretch. Repeat with opposite side.,Hips,20,full_body,static,yes,yes,yes
Seated Pretzel,Sit on floor or mat with knees straight. Place one foot on floor to outside of other knee. Turn torso toward side of bent knee supporting body with extended arm behind. Place elbow of opposite arm to outside of bent knee.,Push side of knee with elbow so bent leg further crosses thigh of straight leg. Hold stretch. Repeat with opposite side.,Hips,20,full_body,static,yes,yes,yes
Standing Iliotibial,"Stand erect with legs crossed, outsides of feet together.","Maintaining complete extension of hip, shift body weight to rear leg allowing hip of leg in front to drop. Hold stretch. Repeat with opposite side.",Hips,20,full_body,static,yes,yes,yes
Wall Iliotibial,"Stand with feet together and side toward wall, slightly greater than arm's length away. Place closest hand on wall and opposite hand on hip.","With legs and hip straight, lower hip toward wall. Hold stretch . Repeat with opposite side.",Hips,20,full_body,static,yes,no,yes
Bentover Lunging,Kneel down and position one leg extended behind. Balancing with hands positioned on floor to sides. Rear knee is extended off floor. Body weight is supported on both forefeet.,Straighten hip of rear leg by pushing hips down and forward. Hold stretch. Repeat with opposite side.,Hips,20,full_body,static,yes,no,yes
Kneeling,Lunge forward with knee on padded mat. Position foot beyond forward knee. Place hands on knee.,Straighten hip of rear leg by pushing hips forward. Hold stretch. Repeat with opposite side.,Hips,20,full_body,static,yes,yes,no
Lever,"Flip seat all way back. Stand facing bar with supporting foot slightly forward under, or near apparatus. Grasp handle bars for support. Place top of other foot back on top edge of shin pad.",Squat down with back straight while straightening hip of rear leg by pushing hips forward. Hold stretch. Repeat with opposite side.,Hips,20,full_body,static,yes,no,yes
Standing,"Stand facing bench or elevated platform, approximately legs length away. Place one foot on bench or platform.","Slowly lunge forward by bending forward leg. With chest high, straighten hip of rear leg by pushing hips forward. Hold stretch. Repeat with opposite side.",Hips,20,full_body,static,yes,yes,yes
Seated,Sit on floor or mat and with one leg straight and other leg bent approximately 90 degrees out to side.,Lower bent knee beside straight leg. Hold stretch. Repeat with opposite side.,Hips,20,full_body,static,yes,yes,yes
Lever,"Sit on seat in forward position with lower leg on shin pad, feet on foot rest. Place hands through wrist straps. Hold upper bar with overhand grip, both hands left of center. Position left leg extended toward right center.",Push and lower seat back. Repeat with opposite leg.,Hips,20,full_body,static,yes,yes,no
Lying Piriformis Stretch (single leg),Lie on floor or mat. Lift one leg and grasp ankle and knee with both hands.,Pull thigh toward torso while keeping knee over torso. Hold stretch. Repeat with opposite leg.,Hips,20,full_body,static,yes,yes,no
PNF Lying Piriformis Stretch,"Instruct participant to lie on floor or mat with legs bent. Stand near their feet facing them. Assist them crossing their thighs, placing outside of one knee close to top of their other knee. Bend over participant's hips, position their foot of closest bent leg on your chest or shoulder while grasping their lower leg, in addition to knee of opposite leg with other hand.",Push your bodyweight down on foot while pushing down on side of participant's knee. Hold stretch. Repeat with legs in opposite position.,Hips,20,full_body,static,yes,no,no
Seated Piriformis Stretch (chair or bench),Sit on chair of bench with feet on floor and knees bent approximately 90 degrees. Cross thighs by placing back of knee on thigh of other leg. Grasp lower leg.,Lean forward pulling body toward legs. Hold stretch. Repeat with opposite leg.,Hips,20,full_body,static,yes,yes,yes
0,Lie on floor or mat. Bend knees with feet on floor. Cross lower leg over thigh of other leg. Grasp back of thigh of lower leg with both hands,Pull leg toward torso. Hold stretch. Repeat with opposite leg.,Hips,20,full_body,static,yes,no,yes
Kneeling,Kneel with knee on padded mat and other foot positioned forward. Place hands on knee. Grasp other hand under top of foot.,Drive hip forward and pull foot toward rear end. Hold stretch. Repeat with opposite side.,Thighs,20,full_body,static,yes,yes,yes
Lever,"Flip seat all way back. Stand facing bar with supporting foot slightly forward under, or near apparatus. Grasp handle bars for support. Place top of other foot back on top edge of shin pad.",Squat down with back straight and chest up while positioning hip straight close to back of heel. Hold stretch. Repeat with opposite side.,Thighs,20,full_body,static,yes,no,no
Lying (Side),Lie on one side. Grasp top ankle or forefoot behind. Pull ankle or forefoot to rear end.,Straighten hip by moving knee backward. Hold stretch. Repeat with opposite side.,Thighs,20,full_body,static,yes,no,yes
PNF Lying (prone) Quadriceps Stretch​​​​​​​,Instruct participant to lie prone on mat or floor. Straddle participant facing toward feet. Knee beside participant with leg extended over or just above participant's hips. Bend participant's near knee and place hand under participant's upper leg and opposite hand on ankle.,Lift knee and push ankle down toward hip. Hold stretch. Repeat with opposite side.,Thighs,20,full_body,static,yes,no,no
Lever,"Sit on seat in forward position with lower leg on shin pad, feet on foot rest. Place hands through wrist straps. Hold lower bar with overhand grip.",Push and lower seat back. Hold stretch. Repeat with opposite leg.,Thighs,20,full_body,static,yes,yes,no
Lever:  Seated,"Sit on seat in forward position with lower leg on shin pad, feet on foot rest. Place hands through wrist straps. Hold lower bar with overhand grip.",Push and lower seat back. Hold stretch. Repeat with opposite leg.,Thighs,20,full_body,static,yes,no,yes
Lever:  Lying,Lie on bench with leg on padded lever and foot against horizontal bar.,"Pull release lever. Keeping knee straight, pull rail so leg rises upward until mild stretch is felt. Hold stretch. Repeat with opposite leg.",Thighs,20,full_body,static,yes,no,no
Lying,Lie on back and lift knee up. Grasp behind thigh near knee with both hands. Pull knee close to chest.,Extend knee while maintaining knee close to chest. Hold stretch. Repeat with opposite leg.,Thighs,20,full_body,static,yes,no,no
Lying:  PNF,Instruct participant to lie on floor or mat. Kneel beside participant and extend participant's leg upward. Position back of participant's lower leg on nearest shoulder. Position near ankle on participant's opposite lower leg.,Push participant's leg close to participants chest. Place hands on floor with arms extended to control resistance. Repeat with opposite leg.,Thighs,20,full_body,static,yes,yes,no
Seated,Sit on floor or mat with knees straight.,Reach toward or beyond toes or bring torso toward legs. Hold stretch.,Thighs,20,full_body,static,yes,yes,yes
Seated:  Single Leg,Sit on floor or mat with legs apart and knees straight.,Reach toward one foot or bring torso toward one leg. Hold stretch for 20 seconds. Repeat with opposite leg.,Thighs,20,full_body,static,yes,yes,yes
Seated Single Leg (Bench),Sit on bench. Place one leg on bench with knee straight.,Reach toward foot or bring torso toward leg on bench. Hold stretch. Repeat with opposite leg.,Thighs,20,full_body,static,yes,yes,yes
Standing,Stand and bend over with knees straight.,Reach toward toes or floor or bring torso toward legs. Hold stretch.,Thighs,20,full_body,static,yes,yes,yes
Lever,Sit on seat in forward position. Place hands through wrist straps. Hold lower bar with overhand grip. Position soles of feet together on top edge of shin pad.,Push and lower seat back. Hold stretch.,Thighs,20,full_body,static,yes,yes,yes
Seated Adductor Magnus Stretch (chair or bench),Instruct participant to lie on floor or mat. Ask them to place soles of feet together on floor close to body with knees apart. Kneel close to participant and place hands on insides of participant's knees.,Spread participant's legs down to sides and hold stretch.,Thighs,20,full_body,static,yes,yes,yes
Lying Wall Groin,Sit on floor with hip and thigh against wall. Lift back of legs up against wall by pivoting on hips and lying on back. Place back of legs against wall.,Spread legs. Hold stretch.,Thighs,20,full_body,static,yes,yes,no
Seated Groin,Sit on floor or mat with soles of feet together on floor and close to body. Grasp feet with both hands and position elbows on inside of lower legs.,Press knees toward floor with elbows. Hold stretch.,Thighs,20,full_body,static,yes,yes,no
Seated Groin:  Apparatus,"Sit on platform facing adjustable handles. Spread legs apart and place inside of legs on outer surface of padded stumps. Straighten knees, grasp handles, and sit upright",Straighten back and pull legs further apart by pulling on handles. Hold stretch.,Thighs,20,full_body,static,yes,no,no
Seated Groin:  Chair or Bench,Sit on end of chair or bench. Place legs as far apart as possible with knees bent approximately 90 degrees and feet flat on floor pointing same direction as knees. Lean over and position upper forearms inside lower thighs near knees.,Lean forward more while pushing thighs apart. Hold stretch.,Thighs,20,full_body,static,yes,no,no
Seated Groin:  Lever,Sit on apparatus with each leg on adjacent platforms.,Separate legs apart by turning knob. Lean forward slightly and grasp forward bar if available. Hold stretch.,Thighs,20,full_body,static,yes,yes,yes
Side Lunge,"Stand with feet far apart, toes pointed 45° outward.",Lunge toward one side. Allow foot of straight leg to point upward with heel on floor. Hold stretch. Repeat on opposite leg.,Thighs,20,full_body,static,no,no,yes
Kneeling,Kneel with one foot on floor or mat. Position torso to inside of upper thigh with hands on floor.,Lower torso downward. Hold stretch.,Thighs,20,full_body,static,yes,no,yes
Lying,Lie supine on floor or mat. Raise knees and grasp back of thighs behind knees,Pull knee toward shoulders or to side of torso while keeping opposite leg on floor. Hold stretch.,Thighs,20,full_body,static,yes,yes,yes
Seated Adductor Magnus Stretch (chair or bench),Straddle and sit on chair or bench with feet far apart and feet on floor.,Lean forward placing finger tips or hands on floor if possible. Allow torso to be lowered downward and hold stretch.,Thighs,20,full_body,static,yes,yes,yes
Seated Single Leg,"Sit on floor or mat and place outside of flexed leg on floor. Over that leg, position opposite leg with foot flat on floor and back of heel against shin.Stand and step forward with left foot.","Other heads of hip adductors can be stretched if knee of upper leg travels out to side during stretch.Standing on left foot, position right foot behind and grasp it with right hand. Pull right heel toward right glute while pulling right knee down and back. Release right foot, step forward with right foot, and repeat on left side while standing on right foot. Continue by alternating between each side until specific distance is covered or desired number of repetitions have been completed.",Thighs,20,full_body,static,yes,no,yes
Walking Quadriceps Stretch,0,0,Thighs,20,full_body,static,yes,yes,yes
Soldier Kick,0,0,Thighs,20,full_body,static,yes,no,no
Floor Board,Face wall with both knees slightly bent. Position fore foot on wall with heel on floor.,Straighten knees and lean body toward wall. Hold stretch . Repeat with opposite leg.,Calves,20,full_body,static,yes,yes,no
Pike,"From standing position, bend over and walk forward on hands with bent knees. Straighten knees until feet are flat on floor.","From standing position, bend over and walk forward on hands with bent knees. Straighten knees until feet are flat on floor.",Calves,20,full_body,static,yes,yes,no
Step,Position toes and balls of feet on stair step or calf block with arches and heels extending off. Use railing or wall for balance.,"With knees straight, shift body weight to one foot. Hold stretch. Repeat with opposite leg.",Calves,20,full_body,static,yes,yes,yes
Wall,Place both hands on wall with arms extended. Lean against wall with one leg bent forward and other leg extended back with knee straight and foot positioned directly forward.,Push rear heal to floor and move hips slightly forward. Hold stretch. Repeat with opposite leg.,Calves,20,full_body,static,yes,no,no
Floor Board,Face wall with both knees slightly bent. Position fore foot on wall with heel on floor.,Straighten knee of rear leg and lean body toward wall. Hold stretch. Repeat with opposite leg.,Calves,20,full_body,static,yes,yes,yes
Step,Position toes and balls of feet on stair step or calf block with arches and heels extending off. Place support leg up to higher steps. Use railing or wall for balance. Bend rear knee.,Allow rear heel to lower below step. Hold stretch for 20 seconds. Repeat with opposite leg.,Calves,20,full_body,static,yes,yes,yes
Wall,Lower knee until just before heel raises. Hold stretch for 20 seconds. Repeat with opposite leg.,"Place both hands on wall with arms extended. Lean against wall with one leg bent forward and other leg extended back. Bend rear knee slightly, positioned foot directly forward, and place heal to floor.",Calves,20,full_body,static,yes,no,no
Kneeling,Kneel on both knees with buttocks over both heels and feet extend back.,Sit down on or toward heels. Hold stretch.,Calves,20,full_body,static,yes,yes,yes
Standing,Stand and touch wall or stationary object for balance. Grasp forefoot behind.,Pull forefoot to lower back. Hold stretch. Repeat with opposite side.,Calves,20,full_body,static,yes,yes,yes
